home_size_sqft,num_occupants,num_bedrooms,num_bathrooms,year_built,insulation_rating,solar_capacity_kw,avg_annual_temp_f,smart_devices_count,annual_energy_consumption_kwh
2884,1,4,3,1976,6.364,2.356,55.208,12,25778.34
2241,1,4,4,1989,3.225,5.225,67.45,6,19581.41
3752,2,6,4,2015,9.364,0.0,60.597,0,21523.67
3039,1,4,3,1980,6.922,5.791,87.634,2,26530.04
3001,4,4,3,2001,3.785,3.997,68.39,14,10196.58
2234,6,4,4,1992,7.28,0.0,82.636,7,7990.92
2010,2,2,1,1975,8.735,7.172,48.322,4,9344.71
3330,3,4,3,2022,3.583,1.429,72.452,18,15606.5
2808,5,3,2,1989,8.527,1.77,46.078,18,8586.34
2270,6,4,4,1978,3.547,0.587,78.644,8,9013.02
2689,1,4,4,2024,3.539,6.767,77.175,8,23351.2
3392,2,5,4,1988,3.599,6.681,78.064,5,18837.95
917,5,2,2,1985,8.337,6.013,70.889,7,2400.0
640,3,1,1,1987,5.196,2.047,47.933,4,3271.65
1859,6,2,1,2004,7.009,3.719,72.655,7,5310.27
4123,5,6,4,1986,4.19,7.286,75.746,2,13045.58
1016,2,1,1,2004,2.938,7.887,50.346,18,2468.17
3039,3,4,3,1981,6.934,4.877,62.557,18,12368.88
2373,6,4,3,2007,4.821,7.392,84.697,1,5933.99
2064,1,3,2,2010,6.762,0.0,75.939,3,19023.92
3994,6,6,4,1987,5.549,10.611,79.322,2,9296.22
3922,1,6,4,1992,6.089,3.541,50.033,11,34212.7
3707,5,6,4,1999,7.597,5.841,56.335,3,10628.38
3361,4,6,4,1985,4.67,4.483,45.293,9,11572.95
1842,6,2,2,2011,5.221,7.365,60.601,4,3830.45
4064,2,6,4,1981,2.704,0.86,87.787,6,26031.71
1570,5,2,1,2011,9.159,7.425,81.208,7,3615.08
835,4,2,1,1989,7.243,3.88,67.665,3,2637.15
1918,4,3,3,2022,4.685,7.447,51.519,9,5152.73
3966,6,6,4,2023,3.516,6.718,66.335,18,10071.17
1210,1,1,1,2007,9.63,5.383,79.127,6,9207.67
3202,3,5,4,1991,6.123,7.743,53.537,7,12852.46
1847,5,3,3,2015,7.164,0.0,64.158,5,6726.38
3332,2,6,4,2013,2.849,0.893,51.075,17,19970.25
1437,4,1,1,2004,7.127,0.0,64.833,3,6656.92
2032,2,4,3,2005,7.222,2.238,73.339,8,12322.09
925,6,1,1,2013,7.343,4.067,45.201,16,2400.0
891,6,1,1,1986,7.272,0.711,84.05,10,3670.28
2852,3,4,4,1972,9.376,3.413,47.262,16,11329.23
1868,6,3,2,2023,4.064,6.071,81.53,12,5153.13
2585,1,3,3,1977,9.664,6.871,73.393,13,21854.35
755,6,1,1,1972,3.228,4.521,65.927,4,2400.0
3862,3,5,4,1982,2.917,1.074,60.651,9,17487.96
1594,4,2,2,1979,8.959,7.435,55.839,6,3400.25
3378,2,5,4,1982,9.135,8.95,58.204,4,17027.91
731,3,2,2,2019,7.11,2.959,78.898,15,3292.43
2715,5,4,4,1970,3.414,2.761,69.926,3,9437.15
3367,3,6,4,1988,3.852,5.82,60.356,0,13925.44
2711,4,4,4,1974,7.497,2.291,86.529,12,10939.69
3269,4,4,3,2024,6.244,7.207,55.399,0,9563.4
810,4,2,1,1967,3.302,6.814,68.555,10,2400.0
2523,4,4,4,2016,5.916,3.026,50.851,8,8621.12
1385,4,3,2,1970,5.396,2.454,70.516,13,5621.7
1684,5,4,3,2013,6.536,4.634,53.728,15,5025.03
3385,5,5,4,1976,2.795,4.517,61.828,0,10790.8
1347,1,2,1,1985,4.784,6.4,75.637,6,11130.27
2803,3,3,3,1983,6.883,0.0,69.695,12,13191.83
3086,6,4,3,1984,3.454,1.391,55.602,10,9821.4
2499,5,4,4,1995,8.393,7.43,50.767,18,6667.22
857,2,2,1,1978,6.593,8.998,67.513,1,3010.01
1068,5,1,1,2000,3.73,1.803,64.464,13,3771.12
1479,1,1,1,2016,5.057,7.496,80.329,6,11081.42
650,4,1,1,1986,3.445,6.148,61.142,14,2400.0
3048,3,4,4,1974,6.846,2.47,54.803,1,13901.44
1015,2,1,1,2007,7.541,2.132,63.87,17,5779.97
3610,4,6,4,1967,5.923,0.208,51.355,9,14131.28
1337,3,2,1,2024,7.418,4.359,82.002,2,5440.42
1115,5,2,2,1970,7.235,0.0,66.4,2,5404.37
610,2,2,2,1972,8.074,4.598,86.499,9,3061.98
4147,6,6,4,1995,6.4,3.6,65.157,18,11617.6
3305,2,5,4,1996,7.9,0.154,66.026,2,20041.4
1611,1,2,2,1975,9.496,4.759,47.915,1,13230.92
1803,5,2,1,1976,8.247,0.0,56.156,16,7089.01
3143,1,5,4,1978,5.464,0.0,69.52,9,29975.31
3120,5,5,4,1967,8.165,4.495,79.399,15,10082.59
2489,4,3,3,1976,7.077,3.907,65.253,9,8247.9
4186,1,6,4,2022,4.142,6.44,79.15,17,36280.21
3503,3,5,4,2005,6.4,3.002,88.61,4,16087.75
3068,6,5,4,2011,4.596,11.657,52.131,0,6243.13
1467,6,1,1,1990,7.918,8.822,76.644,18,2400.0
2491,1,4,4,2017,3.388,11.101,52.552,15,18526.11
1119,5,2,2,1992,3.675,2.615,78.711,8,4495.39
3954,4,6,4,1966,4.742,7.359,69.309,0,13624.26
1806,5,2,1,2013,5.277,2.94,51.753,2,5535.7
2094,2,2,2,1984,8.162,4.537,53.185,6,11238.71
2202,5,3,3,2006,7.931,1.062,75.832,7,8270.38
2621,6,3,2,1973,2.598,8.566,78.799,2,7321.18
3666,6,5,4,1977,4.002,3.942,84.741,0,12247.83
2611,1,4,3,2004,8.053,8.248,80.463,1,20445.58
3889,6,6,4,1990,5.834,2.422,83.294,8,12790.38
2316,6,4,3,2003,3.693,5.404,86.25,16,6743.55
3853,2,6,4,1996,6.219,2.166,65.004,13,22840.42
1931,4,2,1,2001,3.193,6.485,85.454,16,5976.05
3748,2,5,4,1987,9.022,9.33,71.547,2,19397.12
1763,6,4,4,2014,4.431,4.991,81.728,8,5060.03
3436,5,6,4,1982,5.149,7.861,53.288,13,9266.05
1075,3,2,1,2010,7.82,1.14,74.63,9,4758.04
3120,1,4,3,1979,6.522,1.642,76.087,2,28376.71
3726,6,6,4,2002,8.958,3.821,70.913,12,10175.03
1208,4,2,2,2017,6.091,7.142,77.536,16,2661.48
1738,5,2,2,1999,8.211,1.618,86.916,7,6297.02
1514,6,2,2,1993,6.711,0.0,59.207,0,6027.46
2787,5,3,3,1965,3.325,3.314,79.369,6,10171.01
1511,5,2,2,2018,4.687,2.44,53.739,17,5302.75
1684,4,3,3,1980,9.231,3.66,51.957,1,5996.41
3928,1,6,4,1989,8.917,3.18,59.965,15,33603.21
1837,5,4,4,1998,8.439,1.112,72.122,16,6398.89
1003,3,1,1,2003,5.712,1.156,75.921,0,4708.8
681,5,1,1,1991,2.918,8.989,55.93,1,2400.0
953,6,2,2,1972,3.365,2.798,57.324,10,3460.14
4134,4,6,4,2011,4.787,3.158,71.106,5,14571.75
3085,4,3,2,1986,7.097,6.766,58.133,6,9368.86
3047,5,5,4,2000,6.101,0.0,75.831,8,11674.2
1720,6,2,1,1983,8.757,8.941,48.163,9,2966.06
1972,2,3,2,1970,6.589,3.3,45.446,15,10944.97
939,6,1,1,2019,6.315,4.068,73.9,1,2676.27
2409,5,2,2,2005,5.556,3.758,63.033,3,6976.39
2885,2,4,4,1994,9.636,3.045,71.311,9,16009.04
2139,1,3,3,1992,8.565,7.928,81.668,12,16853.12
3311,6,4,3,1991,7.4,0.0,76.045,6,10766.11
3185,1,5,4,1992,6.729,4.436,76.808,3,27895.93
3686,6,6,4,2014,6.067,5.685,52.158,18,8943.21
2767,3,3,3,1970,9.787,5.37,87.372,5,11584.83
2831,5,4,4,2020,6.907,6.698,72.021,0,7413.51
2381,6,2,2,2020,6.174,5.262,76.34,10,5707.6
3681,6,5,4,2023,6.486,3.784,82.942,15,10954.0
3072,3,4,4,1984,9.481,4.28,66.905,0,12993.21
3106,3,4,3,1983,8.661,2.995,77.107,5,13607.92
3437,2,3,3,1986,3.927,2.486,55.078,1,19615.2
2483,3,3,3,2022,2.988,1.051,62.414,9,11683.34
896,6,1,1,1970,8.117,5.607,60.742,9,2411.65
2447,4,3,3,1987,5.738,1.149,54.83,15,9143.24
2965,1,4,3,2017,4.317,2.215,84.563,5,27079.82
906,1,2,2,2020,8.581,5.695,79.89,15,6601.46
2505,4,2,1,1984,4.329,8.937,57.76,1,6657.48
3580,4,5,3,1976,5.849,7.698,72.724,9,11375.48
3481,4,6,4,1977,2.662,1.836,68.66,3,14336.3
2427,5,3,3,2001,7.175,6.569,70.391,10,6526.02
2313,2,2,2,1992,2.978,4.757,45.531,14,11442.63
3930,1,6,4,2019,5.698,3.834,87.224,18,34433.85
3228,4,4,4,2014,6.715,7.379,70.096,1,10258.27
2403,3,4,4,2020,3.608,2.13,45.449,14,10599.17
2826,2,4,3,1986,7.171,6.588,66.463,11,14689.26
2548,6,4,4,2008,5.507,4.256,84.893,8,8037.17
2226,3,3,3,1983,3.085,1.908,76.203,9,10667.98
976,1,1,1,1972,4.907,3.914,64.427,0,7782.32
2314,4,4,4,1992,2.728,4.66,56.685,3,8614.07
2046,2,3,3,2024,9.288,0.0,70.568,18,11820.53
2247,3,3,3,1980,7.298,8.269,57.128,1,8063.53
2775,2,3,2,1980,2.716,0.0,58.519,15,16786.26
2290,5,4,4,1988,6.428,0.0,61.009,13,7313.98
755,6,1,1,1977,6.703,5.189,77.329,5,2400.0
3088,5,4,3,2021,7.289,3.624,47.799,8,8703.75
3496,4,5,4,2014,6.859,1.447,64.438,2,13566.7
1172,6,3,3,1998,6.664,4.249,85.329,18,3184.81
1930,3,2,1,2022,3.881,1.404,84.811,14,9337.45
2142,6,3,3,2009,3.548,8.924,83.471,12,4553.21
2921,2,4,3,1969,2.858,5.847,48.379,10,15690.41
873,4,2,2,1999,6.574,5.115,77.094,16,3052.02
826,1,1,1,1991,7.712,7.313,48.656,17,5243.79
1413,5,3,3,1977,9.358,6.739,71.485,13,3706.96
1763,4,2,1,1985,8.324,4.578,58.126,16,5093.73
2065,3,3,2,2008,6.489,1.295,82.834,4,10038.14
1594,4,1,1,1972,8.603,1.778,63.621,6,6391.86
3567,4,5,4,1970,9.496,0.788,48.729,1,14288.24
2107,4,3,2,1990,4.568,1.769,68.057,11,8735.94
2025,4,2,2,1975,4.253,0.457,54.144,15,8256.95
953,6,1,1,1975,4.284,4.173,50.318,11,3378.83
2464,4,4,3,1990,7.299,4.323,46.688,12,7981.81
2481,2,5,4,1982,4.44,6.327,60.887,3,13490.93
1119,1,2,1,1965,2.714,2.753,54.939,6,10152.9
3917,1,6,4,1996,8.148,7.14,70.469,13,32861.24
1036,1,1,1,1984,2.736,4.88,61.271,8,7551.1
2250,3,3,3,2020,6.283,5.515,83.945,12,8316.02
3653,4,6,4,1999,4.228,4.232,55.16,10,12767.52
3921,2,5,4,1975,3.916,0.558,57.24,10,23635.24
4046,5,6,4,1965,5.009,3.758,48.086,17,11894.2
1740,2,2,2,1987,5.993,2.78,56.67,7,9798.07
3803,6,5,4,1977,3.669,8.235,56.096,18,8537.12
1473,5,2,1,2018,8.903,11.568,66.911,13,2400.0
3276,5,5,4,2012,9.022,1.32,50.582,2,10805.65
2278,6,3,2,1990,3.505,9.461,70.889,3,5625.97
3942,3,6,4,2004,7.32,7.988,74.819,11,15675.59
3792,1,6,4,1972,7.449,6.867,81.06,1,33536.68
1529,2,3,2,2010,4.718,3.014,86.408,14,9396.29
1657,6,3,2,1993,5.478,6.05,60.312,11,4740.9
2471,4,3,2,2010,8.118,2.512,46.723,18,8060.15
1854,3,3,2,2018,5.79,5.223,88.894,2,8391.32
2472,6,4,4,1980,9.586,0.353,76.107,6,8668.63
798,2,1,1,1991,3.306,0.832,86.382,12,5652.6
1210,6,2,1,2011,2.643,8.673,47.29,10,2400.0
2926,4,5,4,1996,6.937,0.764,76.217,17,11925.54
2476,1,4,3,2008,4.182,8.998,50.756,6,19189.2
853,1,1,1,2022,7.139,9.396,71.725,11,4752.56
2551,6,5,4,2002,5.149,7.381,83.72,10,7092.15
1575,6,1,1,2020,5.049,8.007,62.077,5,2615.92
2210,6,3,2,1966,9.629,7.469,86.781,18,5211.82
1970,1,3,3,1972,7.267,5.705,47.667,18,15722.64
1850,6,4,3,1974,7.016,4.33,87.879,16,5877.12
3616,1,6,4,2006,5.589,7.271,62.065,15,30623.98
4090,1,6,4,2002,7.521,0.03,80.302,12,37415.73
1952,6,4,3,1967,5.505,3.604,47.02,14,6532.64
3200,3,4,4,2010,8.397,0.0,54.115,17,14462.45
2003,6,3,2,1993,9.01,3.367,59.116,0,5670.76
3236,4,6,4,1987,4.08,12.412,73.658,14,9140.71
3135,1,6,4,2001,7.869,8.097,85.943,9,26301.88
4182,1,6,4,1992,5.298,6.52,51.941,6,35066.38
2667,4,4,3,1979,4.712,0.0,50.905,14,11569.51
2032,3,3,2,2022,3.47,5.484,88.139,8,8191.01
1574,3,2,1,1999,4.04,1.646,65.645,5,7880.83
879,3,1,1,1990,8.142,5.016,77.04,17,3193.21
3901,2,6,4,1996,7.052,11.221,84.467,3,20333.43
1823,3,3,3,1994,6.009,7.86,76.037,4,6506.13
3535,6,4,3,2017,7.635,4.523,56.224,10,10485.9
1984,2,2,2,2007,7.511,5.738,69.7,12,9830.22
3478,3,4,4,1986,4.409,2.742,48.126,14,14872.62
2553,4,3,3,2023,5.361,3.388,59.591,5,9264.07
3128,3,3,4,1998,3.185,3.558,47.855,0,12972.23
669,3,2,1,2018,7.892,2.598,63.387,11,2625.46
2776,3,4,3,1996,3.225,4.009,56.635,2,11634.52
952,6,2,2,1994,5.611,3.068,87.54,14,3554.21
1472,5,2,1,1989,6.644,6.209,60.447,17,3216.12
3576,5,5,4,1968,5.267,3.183,49.804,7,11922.55
1108,6,1,2,2000,5.94,4.82,52.344,2,2979.77
2046,5,2,1,2008,2.795,8.369,47.462,5,4773.44
3685,6,4,4,2006,2.61,1.958,77.797,18,11713.41
1826,4,2,1,2012,6.135,5.083,71.356,9,5623.95
811,2,1,1,1965,9.689,0.0,59.98,3,5719.71
3510,3,6,4,1968,8.875,0.887,74.253,12,15730.93
1222,2,2,1,1983,3.891,5.213,67.742,6,6478.63
1205,6,1,1,2014,6.611,1.857,53.201,15,4401.83
4026,2,5,4,2021,4.361,7.625,79.755,12,21210.47
3369,2,5,4,1974,3.415,8.033,78.155,1,18702.56
1832,4,2,2,1984,7.546,2.456,53.852,10,6327.39
1178,2,2,2,1991,5.641,2.485,87.541,9,6951.12
3862,4,5,4,2015,4.151,8.739,53.396,11,10625.09
2172,2,3,2,1983,3.978,7.873,66.652,1,10319.82
3716,5,6,4,1981,6.661,3.4,86.456,7,12851.98
1736,4,2,2,1965,5.07,9.006,88.351,18,4135.39
3739,3,5,4,2020,5.025,3.991,51.191,5,15958.45
3703,4,6,4,1978,5.802,4.968,52.559,8,12950.79
4036,1,6,4,1977,8.338,5.091,80.26,5,34915.33
3711,6,5,4,1983,9.202,3.253,51.003,2,11823.44
2041,4,3,3,2002,4.292,2.836,76.907,4,8709.02
2938,6,5,4,1976,9.115,8.626,56.654,17,6264.04
980,2,2,1,2003,6.277,3.611,59.5,11,5063.5
2579,5,4,3,2014,4.86,2.411,88.277,9,9351.82
858,1,1,1,1993,8.033,2.082,79.108,8,7325.94
2569,4,4,4,2022,9.356,4.107,46.119,15,8077.19
1779,3,2,2,1969,4.709,2.176,76.568,1,9334.74
634,1,2,1,1974,2.698,5.132,87.854,0,5509.63
1600,6,3,2,2004,3.22,2.351,85.433,3,5543.55
1359,5,2,1,1979,3.918,1.158,67.466,8,5975.53
1502,6,3,3,1977,3.687,2.359,46.763,12,5455.8
1465,5,3,3,1986,8.27,2.728,76.374,15,4690.8
3173,6,5,4,2009,8.469,0.0,65.058,3,9240.21
3691,5,5,4,2005,6.333,0.0,75.113,3,13878.49
3083,1,4,4,1995,6.81,1.853,64.295,3,27902.34
3898,2,5,4,1994,6.156,5.45,57.559,14,20899.31
1593,3,2,2,1966,6.189,4.155,78.794,14,6264.02
2999,1,4,4,1992,3.467,8.37,66.939,10,24833.1
4069,2,6,4,1981,8.338,1.771,53.684,7,23714.09
3978,1,6,4,1972,4.535,1.288,68.006,13,36951.53
2975,3,4,4,2005,4.825,4.298,65.201,0,12938.55
2519,5,4,3,1974,3.062,7.045,74.692,1,8504.66
2817,2,3,2,2001,9.03,8.207,82.88,7,14124.2
1085,4,2,2,2015,7.048,7.173,55.141,18,2545.68
1791,1,3,4,1982,9.396,2.833,87.18,4,15795.67
3198,5,5,4,2000,5.15,4.592,68.772,2,9516.1
3191,5,4,4,2004,8.288,7.283,62.933,6,8463.34
2178,6,2,2,2022,8.62,4.725,74.115,7,5115.02
3171,2,5,4,1994,6.43,0.0,48.277,3,19127.66
3503,5,5,4,1996,3.203,3.16,71.522,18,10585.17
2353,4,4,4,2015,6.217,4.567,64.457,0,7850.84
1866,2,2,1,1976,6.653,7.21,82.977,12,8830.03
1263,4,2,2,2004,8.546,5.047,80.743,1,4285.69
1515,1,2,1,1989,6.382,2.6,81.238,11,13690.62
3602,4,4,4,2022,3.854,4.554,80.738,2,12842.39
987,4,2,1,1989,4.646,3.873,74.083,15,3726.33
3245,3,4,3,2013,9.553,7.85,50.199,17,11413.08
2467,1,4,3,1987,6.415,3.238,66.536,15,21135.2
2402,5,3,3,1974,3.115,7.421,63.894,1,6911.65
1335,6,1,1,2020,2.8,4.12,52.338,8,2400.0
2114,6,4,4,1994,5.878,0.0,71.615,16,7393.69
1987,4,2,1,2022,4.355,3.986,67.413,15,6302.64
2069,1,3,2,2001,9.643,3.096,65.182,0,17355.48
4192,2,5,4,1965,2.586,3.457,67.081,7,24503.09
1885,6,3,3,2005,7.614,7.72,88.499,2,5127.16
3528,2,6,4,1983,5.901,8.993,74.58,7,18495.17
1399,6,2,2,2002,3.183,1.097,64.638,17,4647.71
2734,1,4,4,1982,6.81,8.768,70.05,8,22780.6
2554,1,3,2,1991,8.692,5.795,77.351,15,20731.06
1509,3,3,2,1993,6.049,10.018,47.846,6,3685.43
1104,6,2,1,2001,4.335,0.484,67.936,13,4035.73
3128,5,4,3,1983,7.897,0.605,88.398,14,11894.1
906,2,2,2,2000,5.594,4.314,57.003,5,4820.51
1934,4,4,4,1968,4.461,8.222,80.783,16,5830.84
717,6,1,1,1996,4.172,0.0,46.257,12,3569.64
2464,5,3,3,1994,8.086,6.992,59.057,5,6320.86
3070,5,4,3,1999,5.32,3.553,63.28,15,9699.2
1044,3,2,1,2008,3.352,9.693,84.761,7,3004.53
4126,4,6,4,1984,6.429,0.0,50.839,10,15922.39
2494,4,4,4,1983,6.441,3.165,56.513,6,9222.59
1015,6,3,2,1974,6.853,12.174,47.282,15,2400.0
3907,6,5,4,1965,6.615,4.897,63.63,7,11770.54
2522,2,3,3,1974,9.021,5.311,66.624,3,14015.9
827,2,2,2,1978,7.206,2.559,69.464,6,4188.65
842,1,2,2,2011,4.842,4.192,74.749,6,7200.39
1902,6,2,2,1988,2.887,4.567,63.603,12,5134.37
4096,5,5,4,1972,6.893,0.571,45.265,6,14358.29
3576,6,6,4,1988,2.536,7.43,59.66,0,8968.24
3920,4,5,4,1985,7.467,2.975,45.753,5,13384.75
828,2,1,1,1987,6.171,14.222,61.589,17,2400.0
1112,5,2,2,1965,6.461,5.557,71.418,18,2784.53
1364,1,3,3,2024,3.552,7.608,75.231,6,10774.11
3431,2,4,4,2024,5.459,4.47,82.594,17,18769.43
3946,3,6,4,1980,5.844,5.222,76.707,12,16099.24
2352,6,3,3,2007,9.79,5.016,71.717,1,6208.79
2245,5,2,2,2008,6.199,1.57,60.667,8,7343.84
1276,3,1,1,1992,4.608,3.039,71.039,6,5601.36
977,4,1,1,1987,6.315,4.577,84.231,2,3797.79
4166,6,5,4,1971,7.95,6.907,83.974,14,11833.19
2628,3,2,1,1977,5.763,5.128,60.051,14,10302.9
2599,5,4,4,2017,3.561,0.0,85.877,8,11137.42
3939,1,5,4,2013,4.35,3.076,83.079,15,35654.77
4067,6,5,4,2016,6.009,6.219,75.936,15,10894.68
805,1,2,2,1995,4.792,2.187,59.094,8,7328.87
1714,5,3,3,2009,4.651,0.0,54.317,1,7081.53
3953,5,5,4,2020,2.711,6.982,68.853,13,10869.36
2547,3,4,3,1978,6.137,1.811,87.209,13,11724.79
3079,2,4,3,2016,4.943,4.104,66.518,11,17283.86
3716,4,5,4,1969,9.768,3.759,63.236,16,13491.79
2513,3,2,2,1973,9.688,3.447,86.485,4,10313.17
998,2,1,1,2023,5.633,1.854,46.488,9,4320.64
3626,2,5,4,1967,4.842,0.771,58.8,14,21987.19
2052,2,3,2,2019,6.482,8.081,59.798,18,7965.38
846,5,2,2,1965,7.826,10.166,78.14,1,2400.0
2459,4,4,4,1975,5.991,4.631,81.61,0,9695.05
2911,3,5,4,1969,6.307,2.116,59.919,10,14233.21
1743,5,3,3,1980,8.806,8.342,77.188,10,3863.97
2068,6,3,3,2010,4.195,3.033,65.582,14,5432.45
4085,4,6,4,1995,4.143,1.729,83.648,15,15947.32
3545,2,5,4,1998,4.825,0.0,56.057,17,20856.24
723,2,1,1,1984,3.727,3.919,48.035,1,3639.75
3448,6,4,3,1982,4.193,1.985,80.07,2,11676.22
2933,3,5,4,1988,9.511,2.143,81.017,16,13078.33
3773,1,5,4,2016,8.204,5.354,80.999,14,32979.24
3555,5,5,4,1969,8.93,3.76,59.005,3,11145.59
1472,6,2,2,1999,9.236,4.531,57.573,14,3225.88
1359,4,2,2,2005,8.389,3.951,52.983,9,4132.01
2026,6,2,1,1981,2.828,4.07,64.162,3,5795.07
2270,3,3,2,1969,2.97,5.46,73.904,5,9782.34
1190,4,2,1,1992,3.228,0.0,63.155,1,5814.97
1102,2,1,1,1996,6.237,5.273,48.637,14,4839.72
1342,5,3,2,1982,7.453,7.644,70.717,12,2400.0
4147,1,6,4,2017,3.106,8.222,64.183,15,34779.33
1117,6,2,2,1986,6.602,6.526,74.003,16,2400.0
2699,2,4,3,2010,3.105,2.158,86.436,1,17250.37
2831,2,5,4,1996,4.513,0.966,77.138,13,17407.13
2468,6,3,2,1979,9.12,4.421,62.606,14,6387.74
2975,2,4,3,1986,4.862,1.921,67.141,4,17479.81
2999,2,4,3,2016,7.02,6.447,79.47,5,16227.79
2680,2,4,4,1999,3.305,7.737,67.596,1,14138.73
1473,4,3,2,1984,4.835,0.658,71.493,12,6259.52
4196,6,6,4,1998,7.714,7.306,68.808,11,10251.09
2212,1,3,3,2005,7.323,3.324,67.638,14,18697.56
882,5,1,1,2021,8.338,4.279,45.181,4,2400.0
2054,6,2,2,2008,2.64,8.868,54.787,1,3891.04
3753,6,6,4,1971,4.185,2.71,48.021,18,11501.12
1592,2,2,1,2024,9.445,7.291,61.448,18,5595.06
4153,5,6,4,1995,8.945,7.118,61.074,14,11898.2
2651,2,4,4,2017,6.431,4.956,79.064,17,13626.29
993,2,2,2,1999,8.267,6.586,65.703,3,4289.64
3220,2,4,4,1986,7.811,3.467,77.416,8,17924.62
1880,4,2,1,2014,7.58,5.941,72.613,9,5173.48
1018,3,1,1,2005,3.683,6.661,59.486,2,3737.46
3152,5,4,3,1968,4.487,7.391,76.441,13,8874.4
1475,1,2,2,2021,4.899,6.794,68.853,9,11312.13
1495,1,2,2,1966,7.181,5.251,83.365,8,12135.99
995,4,1,1,2003,3.332,9.521,52.014,12,2400.0
1079,5,2,1,2001,5.336,3.415,66.631,13,2932.64
3900,5,5,4,1968,4.295,8.846,68.101,9,10825.97
654,1,1,1,2018,4.729,4.274,47.109,0,4920.92
1302,6,1,1,2005,5.523,0.177,45.225,4,4659.62
4178,4,6,4,2016,3.278,0.0,64.522,2,16310.78
2549,4,4,3,1966,4.544,1.292,78.288,16,10633.64
3547,4,3,2,1967,4.51,5.555,72.32,1,12240.92
1283,1,2,2,1981,4.358,4.729,65.206,5,10802.1
1465,5,2,2,1999,8.989,3.174,67.977,1,5380.2
1945,5,3,2,1998,6.816,9.394,52.501,4,2925.79
3959,3,4,4,2006,3.235,3.875,78.933,11,17637.69
4143,6,6,4,1979,7.395,6.106,66.492,4,10818.42
3529,1,6,4,2015,9.031,6.886,71.921,10,29482.85
2962,6,4,4,2014,8.004,12.034,57.021,9,4878.93
1086,5,1,1,1991,4.664,0.0,88.141,4,5115.16
1382,6,2,2,1965,3.249,1.777,45.845,15,5178.38
2832,6,3,3,2022,7.448,2.557,75.469,9,7939.93
3778,3,5,4,1991,4.35,2.73,74.041,9,17577.43
1800,1,4,3,1977,7.313,4.701,71.417,6,14786.71
4198,1,6,4,1981,8.949,6.871,78.112,2,36170.09
1767,5,3,3,1980,8.911,8.166,46.257,5,4561.15
777,6,2,2,2005,9.618,8.402,46.108,7,2400.0
2585,6,4,3,1986,3.937,6.29,49.102,5,6174.14
2297,6,3,2,2017,4.059,0.104,86.295,1,8175.09
2343,3,4,4,1966,6.511,1.452,67.278,3,11273.96
3062,1,5,4,2023,9.771,0.396,78.768,4,28418.54
2277,5,4,4,2004,3.799,4.46,45.853,0,7083.17
2324,5,4,4,1997,5.429,5.892,84.481,2,7033.88
1621,1,2,1,2007,8.224,0.109,50.769,14,13672.57
3288,4,4,3,2007,6.85,9.477,56.866,8,9349.44
1357,6,3,2,2004,3.669,0.929,77.717,0,5661.77
3483,2,6,4,2010,3.815,2.744,51.124,8,20045.42
3097,5,5,4,1982,3.823,4.433,70.36,13,10389.45
1477,3,2,2,2014,4.011,3.392,75.704,11,6446.7
2698,2,3,3,2003,3.145,2.667,85.568,6,16842.13
1820,4,3,2,1987,4.167,0.0,45.41,11,7714.59
1812,5,3,3,2020,3.733,0.67,54.328,12,6481.95
1749,5,3,2,1994,3.241,5.426,49.788,2,4897.69
1608,6,2,1,1975,5.215,1.52,87.596,7,5485.21
794,3,1,1,1974,9.635,2.941,88.18,14,3454.47
2418,3,4,4,2006,3.402,0.72,65.791,1,12209.74
3231,4,5,4,1977,5.041,7.34,60.795,11,10540.92
4087,6,6,4,1996,7.559,2.524,78.401,15,11941.91
1477,6,2,1,1976,4.654,5.871,74.364,2,4334.81
3838,6,6,4,1999,4.219,2.098,63.263,18,11418.58
982,2,1,1,1978,7.841,10.123,73.841,9,2827.16
2499,2,3,4,1968,7.036,4.398,51.097,2,13920.25
1287,2,1,1,1995,5.065,0.261,83.084,16,8664.5
1159,3,2,1,2013,7.564,3.903,69.271,12,3647.7
2008,1,3,3,1979,4.288,3.592,76.311,12,17501.05
1284,1,1,1,1972,9.733,7.468,78.007,3,9512.33
2332,2,4,4,1979,3.765,1.663,55.708,7,13996.04
4166,1,6,4,2021,8.515,5.886,66.286,11,34963.76
620,5,1,1,1967,4.749,0.0,86.05,15,3798.13
4064,2,6,4,1976,6.118,9.664,71.366,13,20755.75
1655,5,1,1,1998,7.113,7.977,56.637,6,2480.92
890,3,1,1,2006,7.03,8.069,65.378,5,2400.0
2719,3,5,4,1989,5.506,3.842,58.919,13,12057.26
1621,4,3,2,1967,8.606,4.126,66.441,5,6236.39
3234,1,4,3,1991,8.983,4.605,87.274,8,27751.19
878,6,1,1,1972,2.847,0.477,58.813,15,3198.12
2192,5,3,2,1984,7.667,2.627,71.47,2,7618.38
2610,1,4,4,2020,3.449,10.64,85.288,5,20701.07
909,2,1,1,1997,7.644,3.335,65.628,17,5005.05
4180,4,5,4,2003,5.893,1.497,77.932,14,16249.1
809,1,1,1,1981,6.056,6.971,50.332,2,5690.83
611,6,1,1,2008,8.777,4.748,50.699,14,2400.0
958,1,1,1,1992,9.597,9.519,52.6,6,5498.36
3650,1,5,4,2018,6.149,2.665,80.335,1,32904.87
3725,3,5,4,1982,6.635,6.87,75.605,5,15303.56
3842,1,5,4,2016,6.349,1.97,76.106,0,34064.21
1832,1,2,1,2006,3.436,4.411,52.471,3,15472.64
1922,6,3,1,2021,5.382,5.638,80.817,6,5089.25
2680,2,4,2,1976,6.268,6.113,75.147,14,13346.75
3262,1,5,4,1972,9.443,7.035,85.012,5,28048.99
3053,4,3,2,2004,3.165,7.945,86.407,18,9851.58
2079,4,4,3,1989,3.812,1.753,62.566,4,8936.52
3078,4,4,4,2020,4.093,2.077,55.145,14,10173.9
1499,2,1,1,2012,2.875,5.351,51.084,12,7726.81
2086,4,4,4,2019,3.785,8.935,70.343,17,5081.38
4134,3,5,4,1968,8.618,3.315,66.015,14,17081.43
3581,5,5,4,2006,8.879,6.297,70.164,8,10218.68
1775,6,2,2,1974,4.974,1.063,56.185,18,5930.35
693,2,1,1,1988,7.827,3.211,85.305,9,4035.6
1424,4,3,2,1995,5.641,0.0,53.454,15,6919.45
682,5,1,1,1975,7.619,7.429,62.08,6,2400.0
716,6,2,2,1980,9.693,7.415,71.615,11,2400.0
2730,6,4,4,1979,4.399,0.496,87.969,9,10224.52
2468,5,3,2,2015,3.115,9.399,61.16,11,5896.34
1659,6,2,1,2001,8.867,6.366,60.204,15,3353.35
2700,3,4,3,1965,3.436,6.288,68.229,7,11172.82
922,5,1,1,2005,9.793,0.0,87.683,12,3645.83
3992,2,6,4,1989,8.123,6.742,64.029,15,20911.59
2340,1,5,4,2007,3.294,2.678,45.501,4,20615.63
2713,2,4,3,2023,9.405,6.552,50.352,12,13146.05
2610,6,4,4,2019,2.701,5.103,73.129,0,8045.46
2513,4,4,3,2002,3.512,4.035,72.011,18,9066.8
3498,5,5,4,1981,7.567,0.0,88.554,18,13195.13
3207,1,4,4,1967,8.015,4.462,77.81,10,27548.04
1826,3,3,3,1978,6.997,2.284,75.596,7,8287.99
3555,2,5,4,1983,8.559,7.468,78.687,4,18851.44
2928,1,4,3,2009,4.545,4.082,87.829,2,26173.37
2171,6,3,3,2012,3.696,3.257,87.871,15,6468.64
2270,1,2,1,2005,7.812,2.641,67.114,3,18837.23
2380,6,3,3,1991,6.102,3.67,56.489,7,7970.39
3091,5,4,4,1980,9.765,9.226,71.677,7,6574.47
1690,6,2,2,1971,8.38,3.872,69.984,18,4904.13
1511,6,2,1,2010,2.521,4.742,55.21,4,3935.83
3339,5,5,4,1976,3.036,3.555,60.493,17,10228.97
1568,3,2,1,1968,3.395,4.425,47.893,18,5654.72
2842,4,4,3,1988,9.111,7.256,50.513,12,8850.11
1461,3,2,2,1986,8.329,11.088,52.355,10,2884.77
2176,6,3,3,2003,4.525,4.245,85.12,17,6253.22
1388,4,2,2,2018,8.47,4.048,85.561,11,4944.9
3459,4,5,4,1991,7.254,3.286,69.994,5,13178.9
4031,6,6,4,1993,8.221,6.403,84.975,9,11133.55
2738,6,3,2,2005,8.299,6.902,52.281,18,5753.11
1834,3,3,3,2012,8.381,4.439,68.951,16,7101.45
1321,5,1,1,1967,3.405,9.799,66.579,10,2400.0
2044,6,3,3,1965,3.237,9.859,50.054,0,4474.31
1493,2,2,1,1990,4.414,7.309,49.576,9,6784.84
3679,6,5,4,1998,8.986,6.03,56.838,3,9739.83
2156,5,3,2,2000,7.286,3.744,48.932,8,6126.06
1505,1,2,2,1973,2.7,6.415,76.823,8,12160.32
1780,2,3,2,1983,8.978,5.715,64.362,2,8357.66
2306,6,3,2,2023,3.347,3.049,72.223,10,6913.82
2622,5,2,1,2005,3.293,0.0,71.481,12,9248.63
1939,2,2,2,1983,7.142,4.987,60.951,10,9486.86
1085,1,1,1,2015,5.232,5.028,65.724,9,8320.29
3837,1,5,4,1973,5.052,3.987,83.282,4,34210.97
2168,2,3,3,1993,4.593,0.436,55.915,7,13488.3
3894,6,6,4,2024,3.001,6.308,48.239,11,9375.31
1862,2,3,2,2018,5.287,6.87,61.629,9,8792.7
2014,5,3,2,1985,5.683,6.046,58.194,11,6566.89
1723,2,2,1,1971,7.541,5.416,61.622,11,7694.46
959,5,2,1,1965,4.104,3.008,51.845,16,2787.08
3915,6,6,4,1979,6.013,0.527,47.129,8,12319.74
3279,3,5,4,1990,7.629,0.0,87.34,9,15584.77
2229,6,3,2,1985,3.334,4.954,62.849,6,5730.94
2846,5,4,3,1992,4.869,2.778,79.065,18,9418.32
3055,2,5,4,1975,7.068,0.0,55.586,16,18908.56
805,1,1,1,1973,9.475,2.724,53.736,9,7726.49
1041,1,2,2,1997,3.485,4.347,53.38,5,9083.78
3237,4,5,4,2014,3.149,6.195,82.947,12,11588.54
1513,6,2,2,1981,8.935,4.761,67.549,14,3801.16
844,1,1,1,1993,2.56,7.465,83.508,14,5209.38
2654,6,2,1,2000,4.951,2.342,58.739,0,7687.23
1128,1,1,1,1991,3.284,6.841,59.338,15,7852.12
1796,4,2,1,1987,7.197,5.795,73.925,0,6711.81
2746,6,4,4,1971,6.379,5.261,61.789,3,7293.03
1818,3,3,2,1976,4.932,2.803,74.502,16,8416.6
4052,6,5,4,1994,7.949,4.399,67.0,3,10907.29
2163,2,3,3,1999,9.149,4.137,52.148,15,10031.27
3998,4,6,4,2008,3.618,9.737,60.221,14,11347.92
3795,5,5,4,1999,3.483,5.238,71.962,3,11885.52
3483,1,6,4,1966,4.474,5.297,83.531,6,31218.29
1349,5,1,1,2024,8.678,7.193,60.596,4,2400.0
2711,5,4,3,2017,5.604,2.256,62.739,8,9110.62
4063,3,6,4,1981,4.573,3.412,74.907,16,18405.39
1562,3,3,3,1984,7.71,7.761,86.821,5,5055.0
1019,2,1,1,2023,9.674,6.587,66.341,8,3423.31
3306,4,5,4,1968,2.734,5.815,56.104,6,12029.89
3488,6,5,4,2009,3.398,5.072,52.205,8,9095.17
3198,5,5,4,1970,4.951,0.0,57.031,18,11290.79
3956,1,6,4,1992,2.999,0.0,83.594,12,37214.96
1365,5,1,1,2001,4.638,4.399,48.58,13,3409.65
1234,1,2,1,1996,2.622,9.458,81.819,6,9373.71
679,2,1,1,2023,4.794,4.073,81.636,7,3173.04
684,4,1,1,2024,3.218,3.142,75.498,2,2774.66
4144,6,6,4,1969,4.177,4.826,83.927,6,12587.85
1187,4,1,1,1992,9.423,2.831,67.745,1,4234.0
923,2,1,1,1979,7.009,10.928,51.36,14,2400.0
1826,2,4,3,1984,8.452,4.063,55.145,2,10681.98
2928,3,3,3,2015,9.315,3.9,65.116,11,12084.27
2073,5,2,1,2004,8.482,1.513,51.604,4,7079.51
4193,5,6,4,2005,2.979,0.0,67.061,8,14681.94
3332,3,6,4,1999,5.012,4.924,67.543,10,14089.63
3486,5,5,4,1967,9.06,0.008,56.704,12,12538.62
2759,6,4,4,1966,4.316,2.207,55.519,1,9170.85
1125,5,1,1,2023,7.179,1.44,67.361,4,4568.2
1422,2,2,1,1972,3.331,6.195,69.228,11,6861.17
4197,2,6,4,1990,5.585,2.446,46.687,13,24110.76
3340,6,5,4,2018,4.085,3.885,75.21,17,10163.24
2039,2,3,3,2006,5.338,7.393,62.838,7,10114.36
925,2,1,1,2004,7.034,5.302,48.835,0,3624.91
3025,5,5,4,1970,8.962,2.589,67.354,3,11171.7
2342,1,3,2,1991,5.452,0.0,61.137,14,21829.24
1128,5,2,2,2024,2.901,4.513,51.126,7,2819.21
1164,6,2,1,1980,2.624,0.989,88.688,2,5086.1
2354,5,4,3,1989,6.19,9.111,62.897,3,5559.84
665,2,2,2,2011,3.639,7.111,59.868,11,2400.0
3065,2,4,3,1989,4.873,6.051,53.749,16,15944.47
2017,6,4,4,1970,9.625,6.162,57.068,18,5149.7
3200,2,4,3,1978,3.475,2.628,50.542,3,18258.15
1550,4,3,2,2008,9.382,0.591,66.246,0,5871.38
3399,6,5,4,2017,6.734,8.175,84.552,3,9470.06
1729,2,2,3,1975,4.302,0.664,48.8,7,11329.21
3153,2,4,4,1997,8.687,5.579,80.482,12,16966.27
2365,3,3,2,1996,3.467,7.453,64.328,3,9246.76
2053,3,3,2,1978,7.535,2.954,81.498,17,8271.74
2739,1,3,2,1992,8.782,7.567,84.074,8,22105.57
3846,3,6,4,1998,6.839,5.739,87.079,5,15711.6
4192,6,6,4,1975,5.112,1.524,57.595,2,12019.66
1067,3,1,2,1971,9.267,4.967,84.411,17,3321.15
1792,3,3,2,2014,5.685,5.445,61.067,3,6687.41
1472,1,2,1,1978,2.525,8.406,60.006,14,11240.52
1777,3,3,3,1983,7.101,1.555,50.006,13,8282.45
913,4,1,1,2002,7.572,8.319,76.036,5,2400.0
3033,6,4,3,2006,4.559,8.866,53.444,3,6664.06
1708,1,3,2,2013,6.359,1.814,75.948,18,14654.58
1876,3,4,4,2013,6.747,7.055,77.904,16,6586.03
2962,2,4,3,1994,9.716,1.763,66.701,3,16879.18
3669,2,6,4,1983,7.022,5.926,46.688,12,19098.86
1373,4,2,1,1987,7.919,12.344,59.161,4,2400.0
3403,4,5,4,1987,3.326,9.796,52.28,1,9503.43
3647,6,5,4,2003,8.186,0.0,69.409,15,11506.75
3458,4,6,4,1999,2.715,5.809,66.781,13,11461.04
1074,6,1,1,1971,5.557,0.131,87.279,15,5178.18
2177,3,2,1,1990,3.014,6.463,72.446,10,7704.38
1503,4,2,1,1990,5.656,4.557,45.766,17,4238.08
2997,2,4,3,1972,4.167,7.042,49.607,12,15320.6
3187,1,4,4,1990,9.536,3.242,60.628,16,27603.34
661,1,2,1,1972,2.787,1.827,68.022,5,6325.39
3008,2,5,4,2008,8.105,11.061,55.051,7,13744.7
977,1,1,1,1998,6.537,6.051,55.201,5,6778.95
1246,6,2,2,2008,9.615,8.334,70.374,18,2400.0
3829,3,5,4,2009,7.842,1.848,71.452,2,17237.44
870,2,1,1,2002,7.203,2.01,81.552,2,4385.73
1803,2,3,2,2023,7.183,0.376,61.895,16,11065.67
1414,5,3,2,2022,8.047,0.0,55.471,13,5039.24
3011,3,5,4,1978,9.063,3.65,68.666,18,12925.74
3379,4,4,3,1984,7.666,6.003,84.546,16,11085.05
1197,1,2,2,2019,4.977,5.525,45.93,4,8984.51
2953,6,3,2,1990,9.504,3.381,55.292,2,8621.07
1578,1,3,3,1969,9.309,7.83,63.945,7,11771.41
956,4,1,1,1969,5.242,3.501,77.087,9,3847.77
4021,3,5,4,2001,7.284,8.018,76.624,10,15467.39
4095,6,6,4,1996,7.645,5.336,88.992,5,11485.61
3012,1,4,4,2008,7.825,5.784,78.49,2,25903.54
2203,5,4,4,2014,8.217,5.018,76.328,7,6746.29
1501,3,1,1,2021,3.656,3.303,53.657,17,5666.73
3148,4,4,3,2005,6.606,0.0,67.697,12,12211.25
730,4,2,2,1991,9.17,0.874,64.533,9,3196.25
4021,5,5,4,1987,2.589,6.192,78.685,17,13317.24
1654,5,2,2,1967,8.364,11.178,88.712,14,2400.0
2397,1,3,2,1973,3.433,5.879,53.684,5,20547.52
2917,3,4,4,2011,4.74,4.24,77.227,16,12890.89
1174,5,3,2,2007,4.812,3.386,53.837,6,3706.49
1253,5,2,1,2002,7.352,9.165,83.952,17,2400.0
2293,6,4,4,2010,2.724,4.002,68.457,4,7467.98
3313,1,5,4,1973,5.158,6.991,75.812,10,29041.29
2240,3,3,3,2024,8.304,8.157,73.645,14,7460.79
4013,4,5,4,2003,7.631,0.0,60.79,7,15143.98
2462,3,4,3,2023,6.616,13.339,48.597,15,6732.18
876,2,1,1,1995,3.239,4.623,69.261,9,4352.31
2969,1,5,4,2001,9.01,6.166,46.678,12,24263.26
3975,1,6,4,2011,5.93,0.0,78.12,6,36993.26
1726,1,2,2,1994,3.59,10.644,84.516,11,13206.4
2083,5,3,3,1970,8.604,3.14,85.618,17,6021.38
3517,4,4,4,2014,5.339,4.204,49.592,18,11817.41
854,5,1,1,2000,3.192,10.014,64.145,8,2400.0
3031,3,5,4,1987,4.846,0.316,76.205,8,15306.76
1393,2,1,1,1994,2.615,2.162,58.173,15,8282.61
1332,1,2,1,2005,5.701,6.796,66.121,15,9195.11
4048,5,5,4,1992,8.672,5.805,64.478,9,11903.4
2385,4,4,4,1966,7.206,2.24,65.508,3,9349.34
3688,6,6,4,1971,4.51,7.264,46.42,17,8247.95
618,6,1,1,1990,2.945,7.413,74.66,5,2400.0
3780,6,4,4,2008,4.198,1.647,88.944,2,12151.08
2874,5,5,4,1980,5.743,6.956,80.206,1,8751.73
723,1,1,1,1999,4.604,7.365,69.967,16,4511.83
3003,6,4,3,1995,8.635,0.0,70.276,13,9301.04
2613,4,3,2,1966,8.584,7.69,59.646,3,7627.7
4168,4,5,4,2019,3.357,0.472,69.649,2,16926.93
3517,6,4,4,2012,8.985,4.91,65.308,15,8582.19
1330,4,2,3,2019,6.24,4.881,86.92,11,5144.86
3283,3,4,4,1997,8.524,3.065,55.699,18,13745.71
1386,2,2,1,2006,4.307,5.05,56.036,0,7295.42
3186,3,5,4,2008,5.408,0.22,51.16,8,14769.33
1566,1,2,2,1971,3.524,6.161,57.298,6,12593.82
949,2,2,2,1970,9.554,0.0,46.631,1,6661.97
1852,3,3,3,2001,7.293,7.627,67.006,4,6543.19
1884,6,3,2,1996,5.941,4.83,65.276,10,4567.67
817,2,2,1,2005,8.965,4.327,59.787,14,3394.89
2273,2,3,3,1993,4.366,5.026,83.554,6,12629.5
1499,4,2,2,1986,9.119,1.46,48.788,10,5240.61
3864,4,6,4,1987,8.97,4.712,68.026,4,14174.48
1462,3,2,2,1967,5.13,5.713,60.421,10,5444.57
1075,5,1,1,2023,6.513,4.342,50.484,18,2400.0
670,3,1,1,1982,9.608,3.67,52.416,3,2524.58
621,4,1,1,1985,6.857,0.169,45.21,0,2571.93
1652,2,2,2,1980,4.734,4.447,65.196,14,8688.58
1366,4,2,1,1999,3.414,1.529,69.184,4,6336.14
3831,2,6,4,1976,9.221,0.0,88.737,9,22942.64
2125,1,3,3,1985,7.353,5.936,61.252,15,17138.08
1370,4,2,2,1987,3.079,4.57,48.404,0,4835.67
2563,5,3,2,1991,6.279,10.861,71.418,11,5520.7
2672,3,5,4,2020,7.535,0.0,64.243,10,12845.77
881,5,1,1,1986,9.396,0.0,71.589,5,4108.73
2297,1,4,3,1972,5.975,3.626,57.313,16,19411.21
2653,2,4,3,1968,7.022,5.194,81.959,3,14722.59
748,2,1,1,1967,3.149,3.645,53.555,14,4721.19
3634,4,6,4,2001,4.378,1.419,52.312,3,13327.2
3690,4,6,4,1983,5.677,4.511,70.674,12,13962.37
726,1,1,1,1979,2.773,5.263,69.525,6,4986.17
1210,3,2,2,1971,6.941,6.491,76.956,17,4454.9
1554,4,2,1,1970,6.52,4.615,49.174,5,5832.52
2957,5,5,4,1999,5.436,7.623,66.48,10,8477.89
3597,1,5,4,1978,2.792,2.76,88.286,18,33170.3
2950,2,4,3,2016,2.885,3.694,52.182,4,16554.43
1081,5,1,1,2003,3.851,1.973,76.756,11,4443.89
1796,6,2,1,1974,5.895,0.0,65.002,10,6248.15
1694,3,3,3,2020,5.95,3.982,75.482,2,6969.17
2790,3,4,4,2017,7.594,4.286,84.458,15,10903.37
2853,3,4,3,2012,7.053,5.065,66.629,15,11416.17
1057,5,1,1,1996,3.697,0.0,85.407,4,5404.23
3500,5,5,4,1973,7.24,0.0,48.114,1,12041.58
2903,2,5,4,1982,9.364,5.218,65.316,12,15374.73
2345,4,3,3,1965,8.439,1.84,71.754,5,9654.72
1635,5,3,2,2000,3.325,5.656,72.888,11,4828.47
2233,1,4,3,1974,7.338,7.138,87.462,10,18058.55
3807,6,5,4,1976,9.192,3.529,46.603,6,11158.56
3489,5,5,4,2018,4.356,0.0,76.473,1,12962.41
2108,3,4,3,2015,6.087,3.862,67.574,1,9765.71
3930,1,5,4,1999,5.843,8.019,76.163,3,33248.48
2512,2,5,4,2024,6.277,4.476,46.923,17,12703.61
2019,5,3,2,2006,4.621,4.74,68.715,10,6164.01
935,1,1,1,1999,2.661,7.105,59.625,15,6032.54
826,1,1,1,1968,9.114,3.385,68.891,12,6185.64
1034,4,1,1,2015,5.71,1.781,75.945,0,4611.27
1288,1,2,2,1998,3.036,1.987,48.914,17,11914.23
2759,5,3,3,1982,6.618,11.256,79.745,7,5906.88
2059,1,2,2,2012,7.612,2.237,61.064,17,17968.35
3919,1,5,4,2002,4.149,5.223,75.002,6,34028.72
991,2,2,2,2001,2.716,2.512,52.462,12,5954.18
2474,5,3,3,1971,5.723,4.075,81.681,8,7923.51
2928,1,4,4,2003,6.719,6.378,61.668,16,23992.66
3996,4,6,4,1979,4.997,12.821,77.234,2,11939.94
1138,3,2,2,1980,7.014,6.989,51.742,8,3037.97
2529,6,3,3,1969,8.881,0.0,71.526,2,9186.11
2694,2,5,4,1968,7.549,0.114,83.97,13,16941.08
823,4,1,1,1985,7.75,8.346,55.999,12,2400.0
627,1,2,1,2015,8.717,7.57,76.703,15,3414.15
4069,2,4,3,2003,3.379,5.978,83.74,15,22318.76
1325,2,1,1,1984,6.605,4.611,70.066,3,6289.01
3499,1,5,4,1985,6.891,5.406,78.749,10,30773.69
1825,1,3,2,1977,3.083,4.18,45.411,16,15783.27
4049,3,6,4,1992,7.702,6.888,72.788,4,16298.18
3084,5,4,3,1993,3.814,6.486,60.702,3,9045.91
1110,4,1,1,2023,4.942,7.695,45.416,13,2400.0
763,3,1,1,2016,4.666,0.0,58.334,13,3807.32
994,1,1,1,1999,7.513,7.936,55.385,7,6261.19
2792,6,3,2,1984,7.795,2.92,65.221,0,7618.69
3357,6,6,4,1995,5.489,2.759,75.664,10,10831.29
1060,1,2,2,1995,4.066,8.129,67.299,5,7475.25
2992,3,5,3,1971,6.107,2.515,81.81,17,13572.53
3115,5,4,4,1979,5.551,0.0,80.363,11,11552.82
2198,3,3,2,1980,8.081,4.629,54.746,0,8848.31
2857,4,4,3,1976,9.377,8.289,82.044,5,8633.96
1790,6,2,2,1987,2.6,7.209,46.868,9,3883.17
606,2,2,1,1998,9.287,14.002,81.038,14,2400.0
2129,5,4,3,1995,2.982,5.846,45.943,10,6404.89
3602,3,5,4,1970,7.979,6.108,51.159,2,14282.35
1825,2,3,2,1965,7.356,0.0,63.894,6,12146.15
1024,4,2,2,1986,4.111,3.351,72.86,8,4677.92
1022,6,3,2,1979,2.944,4.852,73.855,18,2722.09
2511,3,3,4,2019,5.799,1.666,50.541,10,11335.35
3658,2,5,4,1966,8.133,6.986,63.012,8,19595.86
2348,5,3,3,1985,2.59,3.689,83.429,2,9062.58
1789,3,3,2,2011,7.78,5.664,84.879,2,6917.53
